{"Shortest Path": {"throughput": 54.879999999999995, "delay": 11.064486274498046, "loss": 1.3751547577911114}, "ECMP": {"throughput": 50.04, "delay": 12.476582373745435, "loss": 1.5351796654309402}, "DQN": {"throughput": 41.879999999999995, "delay": 20.04107294217314, "loss": 2.8953653379533955}, "A3C": {"throughput": 55.0, "delay": 11.437407626949447, "loss": 1.609616728558202}, "PPO": {"throughput": 43.42, "delay": 18.644432886827623, "loss": 2.7304868339222685}}