{"Shortest Path": {"throughput": 53.42, "delay": 11.693050631319139, "loss": 1.484518192739627}, "ECMP": {"throughput": 53.279999999999994, "delay": 11.6217401618748, "loss": 1.5313754406635112}, "SAC": {"throughput": 40.8, "delay": 22.523759395931705, "loss": 3.2205466302543257}, "DDPG": {"throughput": 42.14, "delay": 21.118974918625252, "loss": 2.942718553027855}, "TD3": {"throughput": 37.00000000000001, "delay": 24.536527539798733, "loss": 3.6051497889984696}}