{
  "episode_rewards": [
    23.813994359451037,
    -3.8835259760551004,
    9.833468352650693,
    12.328633680150393,
    9.577000973909357,
    27.57278756190382,
    24.47501639743618,
    12.564764568505005,
    31.899149889450435,
    0.4625391315192242,
    27.573765349124105,
    14.301868460699442,
    13.253934661702068,
    -8.774841768224512,
    24.131650579804795,
    32.33611200624852,
    31.036831297557296,
    49.87602925069984,
    12.69806206408804,
    41.527185017099,
    31.216257875346425,
    39.99101364808087,
    44.83821620608767,
    54.008808099344755,
    31.033365986828347,
    16.491459412576923,
    25.57663453331007,
    42.19883518880492,
    44.28252998591664,
    40.21433614198075,
    52.94449636327366,
    25.57661456959239,
    10.759503937620554,
    48.54858424491523,
    39.02577252291092,
    46.08995999939762,
    30.638148438602034,
    41.81687634355104,
    45.33976917854177,
    34.22682374906086,
    58.464317141203765,
    50.939102620044075,
    48.55887469887704,
    50.71022118166231,
    31.146555812170714,
    50.74972132065524,
    76.59524808993311,
    55.93950550906302,
    35.424931295537,
    40.850726153363645
  ],
  "episode_lengths": [
    500,
    500,
    500,
    500,
    500,
    500,
    500,
    500,
    500,
    500,
    500,
    500,
    500,
    500,
    500,
    500,
    500,
    500,
    500,
    500,
    500,
    500,
    500,
    500,
    500,
    500,
    500,
    500,
    500,
    500,
    500,
    500,
    500,
    500,
    500,
    500,
    500,
    500,
    500,
    500,
    500,
    500,
    500,
    500,
    500,
    500,
    500,
    500,
    500,
    500
  ],
  "episode_losses": [
    0.0,
    2.2828779220581055,
    0.6741463252007961,
    0.8306961997151375,
    1.8817125462293625,
    6.665864093720913,
    1.7712991654872894,
    1.2129035947918891,
    1.3609829669594764,
    1.4907310683131219,
    1.5149649691581726,
    1.8050327382087707,
    2.1921113357543947,
    2.3253488066196444,
    2.333022862434387,
    2.6788562397956848,
    2.6503088493347167,
    2.916491816163063,
    2.7910233854055404,
    2.859144712805748,
    3.9233939150571824,
    3.4432407665252684,
    3.6570003507137296,
    4.332650812506675,
    4.060925688505173,
    4.794175041794777,
    4.426029419422149,
    4.437911769866943,
    3.986827606201172,
    4.39390580201149,
    4.3699543473720555,
    4.794655474543571,
    4.690355635762215,
    4.913366363883019,
    5.092307455539704,
    4.994884500980377,
    4.8962753372192385,
    5.378998696446419,
    5.37982032752037,
    5.679855350017547,
    6.414911353111267,
    5.491725224733353,
    5.963306045055389,
    5.833353080034256,
    6.016996718645096,
    5.245320775747299,
    6.422216916561127,
    5.632520174264908,
    6.043563091516495,
    4.752991383790969
  ],
  "best_avg_reward": -Infinity,
  "total_time": 217.0260889530182,
  "agent_stats": {
    "episodes": 50,
    "train_steps": 24001,
    "epsilon": 0.7783,
    "avg_loss": 5.499148,
    "avg_reward": 32.616,
    "buffer_size": 25000
  },
  "config": {
    "mode": "simulation",
    "episodes": 50,
    "max_steps": 500,
    "lr": 0.001,
    "gamma": 0.99,
    "batch_size": 64,
    "buffer_size": 50000,
    "min_replay": 1000,
    "target_update": 100,
    "epsilon_start": 1.0,
    "epsilon_end": 0.01,
    "epsilon_decay": 0.995,
    "log_interval": 10,
    "save_interval": 100,
    "load": null,
    "eval": false,
    "eval_episodes": 20
  }
}